,artist_id,artist_name,genres
0,66CXWjxzNUsdJxJ2JdwvnR,Ariana Grande,pop
1,4bw2Am3p9ji3mYsXNXtQcd,Piso 21,"colombian pop,latin pop,reggaeton,reggaeton colombiano,trap latino,urbano latino"
2,0tmwSHipWxN12fsoLcFU3B,Manuel Turizo,"colombian pop,reggaeton,reggaeton colombiano,trap latino,urbano latino"
3,1i8SpTcr7yvPOmcqrbnVXY,Ozuna,"puerto rican pop,reggaeton,trap latino,urbano latino"
4,5hdhHgpxyniooUiQVaPxQ0,Nio Garcia,"reggaeton,trap latino,urbano latino"
5,1fux65HMCBvfJHqlBc4Nno,Casper Magico,"reggaeton,reggaeton flow,trap latino,urbano latino"
6,4q3ewBCX7sLwd24euuV69X,Bad Bunny,"reggaeton,trap latino,urbano latino"
7,1TtXnWcUs0FCkaZDPGYHdf,Darell,"latin hip hop,reggaeton,trap latino,urbano latino"
8,1SupJlEpv7RS2tPNRaHViT,Nicky Jam,"latin hip hop,reggaeton,trap latino,urbano latino"
9,0vR2qb8m9WHeZ5ByCbimq2,Reik,"latin arena pop,latin pop,mexican pop,reggaeton,urbano latino"
10,3E6xrwgnVfYCrCs0ePERDz,Wisin,"reggaeton,urbano latino"
11,1r4hJ1h58CWwUQe3MxPuau,Maluma,"latin pop,reggaeton,reggaeton colombiano,trap latino,urbano latino"
12,1B0Rp4SWGnFgGCPU5Pju6E,Nego do Borel,"funk carioca,funk das antigas,funk ostentacao,funk pop,sertanejo universitario"
13,4obzFoKoKRHIphyHzJ35G3,Becky G,"latin pop,latin viral pop,rap latina,reggaeton,trap latino,urbano latino"
14,1GDbiv3spRmZ1XdM1jQbT7,NATTI NATASHA,"latin pop,rap latina,reggaeton,urbano latino"
15,1vyhD5VmyZ7KMfW5gqLgo5,J Balvin,"reggaeton,reggaeton colombiano,trap latino,urbano latino"
16,3uwAm6vQy7kWPS2bciKWx9,girl in red,"bedroom pop,indie pop,norwegian indie,pov: indie"
17,4V8Sr092TqfHkfAA5fXXqG,Luis Fonsi,"latin pop,puerto rican pop"
18,6S2OmqARrzebs0tKUEyXyp,Demi Lovato,"pop,post-teen pop"
19,2YZyLoL8N0Wb9xBt1NhZWg,Kendrick Lamar,"conscious hip hop,hip hop,rap,west coast rap"
20,3qBKjEOanahMxlRojwCzhI,Zacari,none
21,4VMYDCV2IEDYJArk749S6m,Daddy Yankee,"latin hip hop,reggaeton,trap latino,urbano latino"
22,1Xyo4u8uXC1ZmMpatF05PJ,The Weeknd,"canadian contemporary r&b,canadian pop,pop"
23,0haZhu4fFKt0Ag94kZDiz2,Sofía Reyes,"latin pop,latin viral pop,mexican pop,reggaeton"
24,07YZf4WDAMNwqr4jfgOZ8y,Jason Derulo,"dance pop,pop"
25,3EiLUeyEcA6fbRPSHkG5kb,De La Ghetto,"reggaeton,reggaeton flow,trap latino,urbano latino"
26,4kYSro6naA4h99UJvo89HB,Cardi B,"pop,rap"
27,540vIaP2JwjQb9dm3aArA4,DJ Snake,"dance pop,edm,electronic trap,pop,pop dance"
28,0C8ZW7ezQVs4URX5aX7Kqx,Selena Gomez,"pop,post-teen pop"
29,5f7VJjfbwm532GiveGC0ZK,Lil Baby,"atl hip hop,atl trap,rap,trap"
30,3TVXtAsR1Inumwj472S9r4,Drake,"canadian hip hop,canadian pop,hip hop,pop rap,rap"
31,06HL4z0CvFAxyc27GXpf02,Taylor Swift,pop
32,3FfvYsEGaIb52QPXhg4DcH,Jason Aldean,"contemporary country,country,country road,modern country rock"
33,4LLpKhyESsyAXpc4laK94U,Mac Miller,"hip hop,pittsburgh rap,pop rap,rap"
34,4DdkRBBYG6Yk9Ka8tdJ9BW,Offset,"atl hip hop,hip hop,pop rap,rap,trap"
35,0iEtIxbK0KxaSlF7G42ZOp,Metro Boomin,rap
36,6U1dBXJhC8gXFjamvFTmHg,Zac Efron,"hollywood,movie tunes,post-teen pop"
37,6sCbFbEjbYepqswM1vWjjs,Zendaya,"pop,post-teen pop"
38,7gZfnEnfiaHzxARJ2LeXrf,6ix9ine,emo rap
39,0hCNtLu0JehylgoiP8L4Gh,Nicki Minaj,"hip pop,pop,queens hip hop,rap"
40,3CbYyyd8wH3RT6t0jwpdzC,Murda Beatz,"canadian hip hop,canadian trap"
41,6qqNVTkY8uBg9cP3Jd7DAH,Billie Eilish,"art pop,pop"
42,6LuN9FCkKOj5PcnpouEgny,Khalid,"pop,pop r&b"
43,6M2wZ9GZgrQXHCFfjv46we,Dua Lipa,"dance pop,pop,uk pop"
44,4nDoRrQiYLoBzwC5BhVJzF,Camila Cabello,"dance pop,pop"
45,6oMuImdp5ZcFhWP0ESe6mG,Migos,"atl hip hop,hip hop,pop rap,rap,trap"
46,0Y5tJX1MQlPlqiwlOH1tJY,Travis Scott,"hip hop,rap,slap house"
47,7tYKF4w9nC0nq9CsPZTHyP,SZA,"pop,r&b,rap"
48,7z5WFjZAIYejWy0NI5lv4T,Dan + Shay,"contemporary country,country,country road"
49,4GvEc3ANtPPjt1ZJllr5Zl,Bazzi,pop
50,3QSQFmccmX81fWCUSPTS7y,Dean Lewis,"australian pop,pop"
51,7CajNmpbOovFoOoasH2HaY,Calvin Harris,"dance pop,edm,electro house,house,pop,pop dance,progressive house,uk dance"
52,5LHRHt1k9lMyONurDHEdrp,Tyga,"hip hop,pop rap,rap,trap"
53,5Rl15oVamLq7FbSb0NNBNy,5 Seconds of Summer,"boy band,pop"
54,37M5pPGs6V1fchFJSgCguX,FINNEAS,"alt z,la indie,pop,pov: indie"
55,4TEJudQY2pXxVHPE3gD2EU,BlocBoy JB,"memphis hip hop,rap,tennessee hip hop,trap"
56,5JZ7CnR6gTvEMKX4g70Amv,Lauv,pop
57,7HkdQ0gt53LP4zmHsL0nap,Ella Mai,"r&b,rap,uk contemporary r&b"
58,6beUvFUlKliUYJdLOXNj9C,King Princess,"alt z,indie pop,nyc pop"
59,3v6Ji4uoWtKRkhuDUaxi9n,Dynoro,edm
60,1OAjDaKgg00KCUYqDe68un,Gigi D'Agostino,"eurodance,italo dance"
61,02kJSzxNuaWGqwubyUba0Z,G-Eazy,"indie pop rap,oakland hip hop,pop rap,rap"
62,26VFTg2z8YR0cCuwLzESi2,Halsey,"electropop,etherpop,indie poptimism,pop"
63,15UsOTVnJzReFVN1VCnxy4,XXXTENTACION,"emo rap,miami hip hop"
64,6t1gpxYbY8OlLA7D2RiikQ,Loud Luxury,"edm,pop dance"
65,5uEeqYFuIChoWKy34jp8xE,Brando,"dance pop,pop dance"
66,0A0FS04o6zMoto8OKPsDwY,YG,"cali rap,hip hop,pop rap,rap,southern hip hop,trap"
67,17lzZA2AlOHwCwFALHttmp,2 Chainz,"atl hip hop,hip hop,pop rap,rap,southern hip hop,trap"
68,0c173mlxpT3dSFRgMO8XPh,Big Sean,"detroit hip hop,hip hop,pop rap,r&b,rap,trap"
69,4MCBfE4596Uoi2O4DtmEMz,Juice WRLD,"chicago rap,melodic rap,rap"
70,2cWZOOzeOm4WmBJRnD5R7I,Normani,"pop,r&b"
71,64KEffDW9EtZ1y2vBYgq8T,Marshmello,"brostep,edm,pop,progressive electro house"
72,7EQ0qTo7fWT7DPxmxtSYEc,Bastille,"metropopolis,modern rock,pop"
73,5pUo3fmmHT8bhCyHE52hA6,Liam Payne,pop
74,5CCwRZC6euC8Odo6y9X8jr,Rita Ora,"dance pop,pop,uk pop"
75,5CiGnKThu5ctn9pBxv7DGa,benny blanco,pop
76,6MDME20pz9RveH9rEXvrOM,Clean Bandit,"pop,uk dance,uk funky"
77,0ZED1XzwlLHW4ZaG4lOT6m,Julia Michaels,pop
78,0du5cEVh5yTK9QJze8zA0C,Bruno Mars,"dance pop,pop"
79,28ExwzUQsvgJooOI0X1mr3,Jay Rock,"conscious hip hop,hip hop,rap,southern hip hop,trap"
80,1RyvyyTE3xzB2ZywiAwp0i,Future,"atl hip hop,hip hop,rap,southern hip hop,trap"
81,53KwLdlmrlCelAZMaLVZqU,James Blake,"art pop,indie soul,indietronica,neo soul,uk alternative pop"
82,7n2wHs1TKAczGzO7Dd2rGr,Shawn Mendes,"canadian pop,pop,viral pop"
83,04gDigrS5kc9YWfZHwBETP,Maroon 5,pop
84,3mIj9lX2MWuHmhNCA7LSCW,The 1975,"modern alternative rock,modern rock,pop,pov: indie,rock"
85,2RDOrhPqAM4jzTRCEb19qX,Sheck Wes,"pop rap,rap,trap"
86,246dkjvS1zLTtiykXe5h60,Post Malone,"dfw rap,melodic rap,pop,rap"
87,1pPmIToKXyGdsCF6LmqLmI,Rich The Kid,"atl hip hop,melodic rap,plugg,rap,trap"
88,1Cs0zKBU1kc0i8ypK3B9ai,David Guetta,"big room,dance pop,edm,pop,pop dance"
89,5WUlDfRSoLAfcVSX1WnrxN,Sia,"australian dance,australian pop,pop"
90,3EOEK57CV77D4ovYVcmiyt,Dennis Lloyd,israeli pop
91,5p7f24Rk5HkUZsaS3BLG5F,Hailee Steinfeld,pop
92,4AVFqumd2ogHFlRbKIjp1t,Alesso,"dance pop,edm,pop,pop dance,progressive electro house"
93,3b8QkneNDz4JHKKKlLgYZg,Florida Georgia Line,"contemporary country,country,country pop,country road,modern country rock"
94,4olE3I5QU0dvSR7LIpqTXc,WATT,modern alternative rock
95,7c0XG5cIJTrrAgEC3ULPiq,Ty Dolla $ign,"hip hop,pop rap,r&b,southern hip hop,trap,trap soul"
96,1zNqDE7qDGCsyzJwohVaoX,Anne-Marie,pop
97,2o5jDhtHVPhrJdv3cEQ99Z,Tiësto,"big room,brostep,dutch edm,edm,house,pop dance,slap house,trance"
98,5vQfv3s2Z2SRdPZKr82ABw,Dzeko,"canadian electronic,dutch house,edm,electro house,pop dance,pop edm,progressive electro house"
99,0bdJZl7TDeiymDYzMJnVh2,Preme,"canadian hip hop,canadian trap"
100,6VuMaDnrHyPL1p4EHjYLi7,Charlie Puth,"pop,viral pop"
101,64M6ah0SkkRsnPGtGiRAbb,Bebe Rexha,"dance pop,pop"
102,1URnnhqYAYcrqrcwql10ft,21 Savage,"atl hip hop,hip hop,rap"
103,0QHgL1lAIqAw0HtD7YldmP,DJ Khaled,"hip hop,miami hip hop,pop rap,rap"
104,1uNFoZAHBGtllmzznpCI3s,Justin Bieber,"canadian pop,pop"
105,0VRj0yCOv2FXJNP47XQnx5,Quavo,"atl hip hop,melodic rap,rap,trap"
106,1anyVhU62p31KFi8MEzkbf,Chance the Rapper,"chicago rap,conscious hip hop,hip hop,pop rap,rap"
107,10exVja0key0uqUkk6LJRT,Vance Joy,"folk-pop,modern rock"
108,6fOMl44jA4Sp5b9PpYCkzz,NF,"hip hop,pop rap"
109,7HV2RI2qNug4EcQqLbCAKS,Keala Settle,"broadway,hollywood,show tunes"
110,63nv0hWWDob56Rk8GlNpN8,The Greatest Showman Ensemble,movie tunes
111,0cGUm45nv7Z6M6qdXYQGTX,Kehlani,"pop,r&b,rap"
112,4WN5naL3ofxrVBgFpguzKo,Rudimental,"pop dance,uk dance,uk funky"
113,4ScCswdRlyA23odg9thgIO,Jess Glynne,"dance pop,pop,uk pop"
114,3JhNCzhSMTxs9WLGJJxWOY,Macklemore,"pop rap,seattle hip hop"
115,2U3FuHYvL3vhkbDAXm24Ep,Dan Caplen,"neo soul,uk contemporary r&b"
116,4Q6nIcaBED8qUel8bBx6Cr,Jax Jones,"dance pop,edm,house,pop dance,uk dance,uk pop"
117,7hssUdpvtY5oiARaUDgFZ3,Ina Wroldsen,norwegian pop
118,7z2avKuuiMAT4XZJFv8Rvh,Tom Walker,"indie anthem-folk,uk pop"
119,69GGBxA162lTqCwzJG5jLp,The Chainsmokers,pop
120,3RqBeV12Tt7A8xH3zBDDUF,Kelsea Ballerini,"contemporary country,country"
121,7jVv8c5Fj3E9VhNjxT4snq,Lil Nas X,lgbtq+ hip hop
122,60rpJ9SgigSd16DOAG7GSa,Billy Ray Cyrus,country rock
123,1zNqQNIdeOUZHb8zbZRFMX,Swae Lee,"melodic rap,rap,trap"
124,0GM7qgcRCORpGnfcN2tCiB,Tainy,"pop reggaeton,reggaeton,trap latino,urbano latino"
125,47MpMsUfWtgyIIBEFOr4FE,Lunay,"reggaeton,reggaeton flow,trap latino,urbano latino"
126,1HY2Jd0NmPuamShAr6KMms,Lady Gaga,"art pop,dance pop,pop"
127,4VIvfOurcf0vuLRxLkGnIG,Bradley Cooper,hollywood
128,2R21vXR83lH98kGeO99Y66,Anuel AA,"reggaeton,reggaeton flow,trap boricua,trap latino,urbano latino"
129,790FomKkXshlbRYZFtlgla,KAROL G,"reggaeton,reggaeton colombiano,trap latino,urbano latino"
130,4GNC7GD6oZMSxPGyXy4MNB,Lewis Capaldi,"pop,uk pop"
131,3vQ0GE3mI0dAaxIMYe5g7z,Paulo Londra,"argentine hip hop,trap argentino,trap latino,urbano latino"
132,77ziqFxp5gaInVrF2lj4ht,Sech,"panamanian pop,reggaeton,trap latino,urbano latino"
133,4QVBYiagIaa6ZGSPMbybpy,Pedro Capó,"latin pop,puerto rican pop"
134,329e4yvIujISKGKz1BZZbO,Farruko,"reggaeton,trap latino,urbano latino"
135,3uZFBSsMiooimnprFL9jD1,Snow,"canadian old school hip hop,reggae fusion"
136,0ErzCpIMyLcjPiwT4elrtZ,NLE Choppa,"memphis hip hop,rap"
137,3Fl1V19tmjt57oBdxXKAjJ,Blueface,"cali rap,rap"
138,5UjifI1TYefXWn9GdqDOHl,Social House,none
139,3hteYQFiMFbJY7wS0xDymP,Gesaffelstein,dark clubbing
140,6Ip8FS7vWT1uKkJSweANQK,Dave,uk hip hop
141,3wcj11K77LjEY1PkEazffa,Burna Boy,"afrobeats,azontobeats,dancehall,nigerian hip hop,nigerian pop"
142,6AgTAQt8XS6jRWi4sX7w49,Polo G,"chicago rap,rap"
143,6jGMq4yGs7aQzuGsMgVgZR,Lil Tjay,"brooklyn drill,melodic rap,nyc rap,rap"
144,2HUwZ0kumzCSlhFcjFZfpp,Flipp Dinero,"melodic rap,trap"
145,2wY79sveU1sp5g7SokKOiI,Sam Smith,"pop,uk pop"
146,6l3HvQ5sa6mXTsMTB19rO5,J. Cole,"conscious hip hop,hip hop,north carolina hip hop,rap"
147,4Ga1P7PMIsmqEZqhYZQgDo,Lil Tecca,"melodic rap,pluggnb,rap"
148,4V8LLVI7PbaPR0K2TGSxFF,"Tyler, The Creator","hip hop,rap"
149,20sxb77xiYeusSH8cVdatc,Meek Mill,"hip hop,philly rap,pop rap,rap,southern hip hop,trap"
150,3hv9jJF3adDNsBSIQDqcjp,Mark Ronson,pop soul
151,5YGY8feqx7naU7z4HrwZM6,Miley Cyrus,pop
152,1sBkRIssrMs1AbVkOJbc7a,Rick Ross,"dirty south rap,gangster rap,hip hop,rap,southern hip hop,trap"
153,31W5EY0aAly4Qieq6OFu6I,A Boogie Wit da Hoodie,"melodic rap,rap,trap"
154,50co4Is1HCEo8bhOyUWKpn,Young Thug,"atl hip hop,atl trap,gangster rap,melodic rap,rap,trap"
155,46SHBwWsqBkxI7EeeBEQG7,Kodak Black,"florida drill,florida rap,melodic rap,miami hip hop,rap,trap,trap latino"
156,3WGpXCj9YhhfX11TToZcXP,Troye Sivan,"australian pop,pop,viral pop"
157,3Nrfpe0tUJi4K4DXYWgMUX,BTS,"k-pop,k-pop boy group,pop"
158,0xRXCcSX89eobfrshSVdyu,MEDUZA,"edm,pop dance,pop house,uk dance"
159,2nm38smINjms1LtczR0Cei,Goodboys,"pop dance,uk dance"
160,4ofCBoyEiGSePFAG500xev,Regard,"pop dance,pop edm,slap house,uk dance"
161,0YinUQ50QDB7ZxSCLyQ40k,Mustard,"cali rap,pop rap,rap,southern hip hop,trap"
162,4r63FhuTkUYltbVAg5TQnk,DaBaby,"hip hop,north carolina hip hop,pop rap,rap,trap"
163,5IH6FPUwQTxPSXurCrcIov,Alec Benjamin,"alt z,pop,pov: indie"
164,00FQb4jTyendYWaN8pK0wa,Lana Del Rey,"art pop,pop"
165,6nS5roXSAGhTGr34W6n7Et,Disclosure,"edm,house,indietronica,uk dance"
166,6eUKZXaKkcviH0Ku9w2n3V,Ed Sheeran,"pop,singer-songwriter pop,uk pop"
167,5cj0lLjcoR7YOSnhnX0Po5,Doja Cat,"dance pop,pop"
168,5pDjmC5mRl7vDJhsjVwNfk,Freya Ridings,uk pop
169,6cK3NBO6uP7hh0oyuVELFl,Saweetie,"cali rap,trap queen"
170,7gOdHgIoIKoe4i9Tta6qdD,Jonas Brothers,"boy band,pop"
171,7k9T7lZlHjRAM1bb0r9Rm3,Wiley,"grime,uk dancehall,uk hip hop"
172,2ExGrw6XpbtUAJHTLtUXUD,Stefflon Don,"dancehall,dancehall queen,uk dancehall,uk hip hop"
173,3Isy6kedDrgPYoTS1dazA9,Sean Paul,"dance pop,dancehall,pop,pop rap"
174,0Dc2rdPzleezxhvQhQbXuS,Idris Elba,uk tech house
175,6jJ0s89eD6GaHleKKya26X,Katy Perry,pop
176,4NZvixzsSefsNiIqXn0NDe,Maggie Rogers,indie pop
177,6USv9qhCn6zfxlBQIYJ9qs,Dominic Fike,"alternative pop rock,pov: indie"
178,41MozSoPIsD1dJM0CLPjZF,BLACKPINK,"k-pop,k-pop girl group,pop"
179,4f9iBmdUOhQWeP7dcAn1pf,Rag'n'Bone Man,neo soul
180,4npEfmQ6YuiwW1GpUmaq3F,Ava Max,pop
181,1dfeR4HaWDbWqFHLkxsg1d,Queen,"classic rock,glam rock,rock"
182,23fqKkggKUBHNkbKtXEls4,Kygo,"edm,pop,pop dance,tropical house"
183,6XpaIBNiVzIetEPCWDvAFP,Whitney Houston,pop
184,6ASri4ePR7RlsvIQgWPJpS,iann dior,melodic rap
185,1MIVXf74SZHmTIp4V4paH4,Mabel,"pop,uk pop"
186,1vCWHaC5f2uS3yhpwWbIA6,Avicii,"dance pop,edm,pop,pop dance"
187,0id62QV2SZZfvBn9xpmuCl,Aloe Blacc,"pop soul,r&b"
188,56oDRnqbIiwx4mymNEv7dS,Lizzo,"escape room,minnesota hip hop,pop,trap queen"
189,1bj5GrcLom5gZFF5t949Xl,Martin Solveig,"disco house,edm,electro house,filter house,house,pop dance,vocal house"
190,2kRfqPViCqYdSGhYSM9R0Q,Madison Beer,pop
191,2NlKrNMdpYxGjt3Pvw87rC,Europa,uk dance
192,31Ua7zSTJxegjyd49ujbSA,NSG,"afrobeats,afroswing,uk dancehall,uk hip hop"
193,7b79bQFziJFedJb75k6hFt,Tion Wayne,"london rap,uk hip hop"
194,181bsRPaVXVlUKXrxwZfHK,Megan Thee Stallion,"houston rap,pop,r&b,rap,trap queen"
195,2NjfBq1NflQcKSeiDooVjY,Tones And I,australian pop
196,3oSJ7TBVCWMDMiYjXNiCKE,Kane Brown,"black americana,contemporary country,country,country road"
197,6Xgp2XMz1fhVYe7i6yNAax,Trippie Redd,"melodic rap,rap,trap"
198,6bmlMHgSheBauioMgKv2tn,Powfu,"sad lo-fi,sad rap"
199,35l9BRT7MXmM8bv2WDQiyB,beabadoobee,"bedroom pop,bubblegrunge,indie pop,pov: indie"
200,757aE44tKEUQEqRuT6GnEB,Roddy Ricch,"melodic rap,rap,trap"
201,5zctI4wO9XSKS8XwcnqEHk,Lil Mosey,"melodic rap,rap conscient"
202,0eDvMgVFoNV3TpwtrVCoTj,Pop Smoke,"brooklyn drill,rap"
203,6KImCVD70vtIoJWnq6nGn3,Harry Styles,pop
204,0vRvGUQVUjytro0xpb26bs,Arizona Zervas,"indie pop rap,pop rap,rhode island rap"
205,1XLWox9w1Yvbodui0SRhUQ,StaySolidRocky,melodic rap
206,7uaIm6Pw7xplS8Dy06V6pT,Trevor Daniel,melodic rap
207,66W9LaWS0DPdL7Sz8iYGYe,JP Saxe,"alt z,canadian contemporary r&b,singer-songwriter pop"
208,6nVcHLIgY5pE2YCl8ubca1,Jhayco,"reggaeton,trap latino,urbano latino"
209,4Uc8Dsxct0oMqx0P6i60ea,Conan Gray,"bedroom pop,pop,pov: indie"
210,6fWVd57NKTalqvmjRd2t8Z,24kGoldn,"cali rap,pop rap"
211,0H39MdGGX6dbnnQPt6NQkZ,SAINt JHN,"melodic rap,slap house"
212,5rGrDvrLOV2VV8SCFVGWlj,Imanbek,"electro house,pop dance,slap house"
213,4ETSs924pXMzjIeD6E9b4u,Surfaces,bedroom soul
214,3hcs9uc56yIGFCSy9leWe7,Lil Durk,"chicago drill,chicago rap,drill,hip hop,rap,trap"
215,7MPGCB854Qo4alYMOPkBka,Ritt Momney,bedroom pop
216,6MPCFvOQv5cIGfw3jODMF0,Internet Money,pop rap
217,2hlmm7s2ICUX0LVIhVFlZQ,Gunna,"atl hip hop,melodic rap,rap,trap"
218,4Gso3d4CscCijv0lmajZWs,Don Toliver,"pop rap,rap,trap"
219,7rkW85dBwwrJtlHRDkJDAC,NAV,"canadian hip hop,canadian trap,melodic rap,rap,trap"
220,7dGJo4pcD2V6oG8kP0tJRR,Eminem,"detroit hip hop,hip hop,rap"
221,0Cp8WN4V8Tu4QJQwCN5Md4,BENEE,"alt z,nz pop"
222,6sHCvZe1PHrOAuYlwTLNH4,Gus Dapperton,"bedroom pop,indie poptimism,pov: indie"
223,45dkTj5sMRSjrmBSBeiHym,Tate McRae,"alt z,pop"
224,1lmU3giNF3CSbkVSQmLpHQ,Surf Mesa,pop edm
225,4ArPQ1Opcksbbf3CPwEjWE,Emilee,social media pop
226,56mfhUDKa1vec6rSLZV5Eg,Jawsh 685,nz pop
227,6vWDO969PvNqNYHIOW5v0m,Beyoncé,"pop,r&b"
228,4O15NlyKLIASxsJ0PrXPfz,Lil Uzi Vert,"hip hop,melodic rap,philly rap,rage rap,rap"
229,2PaZWGu5T5nHjY2xxAkFsT,THE SCOTTS,viral rap
230,0fA0VVWsXO9YnASrzqfmYu,Kid Cudi,"hip hop,ohio hip hop,pop rap,rap"
231,2LIk90788K0zvyj2JJVwkJ,Jack Harlow,"deep underground hip hop,kentucky hip hop,pop rap,rap"
232,2jku7tDXc6XoB6MO2hFuqg,Tory Lanez,"canadian hip hop,canadian trap,melodic rap,pop rap,r&b,rap,trap"
233,55Aa2cqylxrFIXC767Z865,Lil Wayne,"hip hop,new orleans rap,pop rap,rap,trap"
234,0u6GtibW46tFX7koQ6uNJZ,Topic,"german dance,pop dance,pop edm,uk dance"
235,5Wg2b4Mp42gicxEeDNawf7,A7S,"pop dance,scandipop,uk dance"
236,6DgP9otnZw5z6daOntINxp,Joel Corry,"dance pop,pop dance,uk dance"
237,7uMh23xWiuR7zsNkuNcm2G,MNEK,"house,pop dance,uk contemporary r&b,uk dance,uk pop"
238,6TIYQ3jFPwQSRmorSezPxX,Machine Gun Kelly,"ohio hip hop,pop rap"
239,2cFrymmkijnjDg9SS92EPM,blackbear,pop
240,1yxSLGMDHlW21z4YXirZDS,Black Eyed Peas,"dance pop,pop,pop rap"
241,1OB278sOZVSFx5vXqYha83,J. Rey Soul,none
242,55fhWPvDiMpLnE4ZzNXZyW,Noah Cyrus,"alt z,pop"
243,63yrD80RY3RNEM2YDpUpO8,Melanie Martinez,"alt z,electropop,pop"
244,7bXgB6jMjp9ATFy66eO08Z,Chris Brown,"pop rap,r&b,rap"
245,7ltDVBr6mKbRvohxheJ9h1,ROSALÍA,"latin viral pop,pop,r&b en espanol"
246,2HPaUgqeutzr3jx5a9WyDV,PARTYNEXTDOOR,"r&b,rap,urban contemporary"
247,5pKCCKE2ajJHZ9KAiaK11H,Rihanna,"barbadian pop,pop,urban contemporary"
248,4IMAo2UQchVFyPH24PAjUs,Jowell & Randy,"reggaeton,urbano latino"
249,12vb80Km0Ew53ABfJOepVz,Ñengo Flow,"reggaeton,trap latino,urbano latino"
250,3YQKmKGau1PzlVlkL1iodx,Twenty One Pilots,"modern rock,pop,pov: indie,rock"
251,5ZsFI1h6hIdQRw2ti0hz81,ZAYN,"pop,uk pop"
252,5Pwc4xIPtQLFEnJriah9YJ,OneRepublic,"piano rock,pop"
253,3QJUFtGBGL05vo0kCJZsmT,salem ilese,"alt z,modern indie pop"
254,28gNT5KBp7IjEOQoevXf9N,Camilo,"colombian pop,latin pop,latin viral pop,reggaeton colombiano"
255,7IlRNXHjoOCgEAWN5qYksg,Aya Nakamura,"basshall,pop urbaine,r&b francais"
256,0EmeFodog0BfCgMzAIvKQp,Shakira,"colombian pop,dance pop,latin pop,pop"
257,31TPClRtHm23RisEBtV3X7,Justin Timberlake,"dance pop,pop"
258,6P5NO5hzJbuOqSdyPB7SJM,Ashe,alt z
259,1McMsnEElThX1knmY4oliG,Olivia Rodrigo,pop
260,4dpARuHxo51G3z768sgnrY,Adele,"british soul,pop,pop soul,uk pop"
261,4fxd5Ee7UefO4CUXgwJ7IP,Giveon,r&b
262,20wkVLutqVOYrc0kxFs7rA,Daniel Caesar,canadian contemporary r&b
263,0lAWpj5szCSwM4rUMHYmrr,Måneskin,"indie rock italiano,italian pop"
264,1U1el3k54VvEUzo3ybLPlM,Kali Uchis,colombian pop
265,2tIP7SsRs7vjIcLrU85W8J,The Kid LAROI,australian hip hop
266,3jK9MiCrA42lLAdMGUZpwa,Anderson .Paak,"escape room,hip hop,indie soul,neo soul"
267,6PvvGcCY2XtUcSRld1Wilr,Silk Sonic,neo soul
268,5L1lO4eRHmJ7a0Q6csE5cT,LISA,k-pop
269,1uU7g3DNSbsu0QjSEqZtEd,Masked Wolf,australian hip hop
270,1mcTU81TzQhprhouKaTkpq,Rauw Alejandro,"puerto rican pop,reggaeton,trap latino,urbano latino"
271,4yvcSjfu4PC0CYQyLy4wSq,Glass Animals,"gauze pop,indietronica,modern rock,pov: indie,shiver pop"
272,4gzpq5DPGxSnKTe4SA8HAU,Coldplay,"permanent wave,pop"
273,048LktY5zMnakWq7PTtFrz,CKay,"afro r&b,afrobeats"
274,26cMerAxjx9GedFt0lMDjm,Bella Poarch,modern alternative pop
275,163tK9Wjr9P9DmM0AVK7lm,Lorde,"art pop,metropopolis,nz pop,pop"
276,4IVAbR2w4JJNJDDRFP3E83,6LACK,"atl hip hop,melodic rap,r&b,rap,trap"
277,7arQA31aZVS8yS6zUveWzb,CJ,nyc rap
278,7iK8PXO48WeuP03g8YR51W,Myke Towers,"reggaeton,trap latino,urbano latino"
279,2LmcxBak1alK1bf7d1beTr,Juhn,"reggaeton,reggaeton flow,trap latino,urbano latino"
280,3eVa5w3URK5duf6eyVDbu9,ROSÉ,k-pop
281,44vREmJC0OlVZjZaGLqVEd,Morray,pop rap
282,5K4W6rqBFWDnAN6FQUkS6x,Kanye West,"chicago rap,hip hop,rap"
283,3rWZHrfrsPBxVy692yAIxF,WILLOW,"afrofuturism,pop,post-teen pop,pov: indie"
284,4exLIFE8sISLr28sqG1qNX,Travis Barker,rap rock
285,3PhoLpVuITZKcymswpck5b,Elton John,"glam rock,mellow gold,piano rock,rock"
286,6n28c9qs9hNGriNa72b26u,PNAU,"alternative dance,aussietronica,australian dance,australian electropop"
287,7FNnA9vBm6EKceENgCGRMb,Anitta,"funk pop,funk rj,pagode baiano,pop,pop nacional"
288,3klZnJvYGIbWritVwQD434,Duncan Laurence,dutch pop
289,5qa31A9HySw3T7MKWI9bGg,FLETCHER,"alt z,pop"
290,64H8UqGLbJFHwKtGxiV8OP,THE ANXIETY,modern alternative pop
291,1xoxekeb8jUVHKJB7m6bfg,Tyler Cole,bedroom soul
292,6TLwD7HPWuiOzvXEa3oCNe,Oliver Tree,alternative hip hop
293,2WgfkM8S11vg4kxLgDY3F5,StarBoi3,viral rap
294,3MZsBdqDrRTJihTHQrO6Dq,Joji,viral pop
295,3Xt3RrJMFv5SZkCfUE8C1J,Kim Petras,"alt z,pop,transpop"
296,1aSxMhuvixZ8h9dK9jIDwL,Kate Bush,"art pop,art rock,baroque pop,new wave pop,permanent wave,piano rock,singer-songwriter"
297,57vWImR43h4CaDao012Ofp,Steve Lacy,afrofuturism
298,2VSHKHBTiXWplO8lxcnUC9,GAYLE,modern alternative pop
299,37230BxxYs9ksS7OkZw3IU,Chencho Corleone,"reggaeton,reggaeton flow,trap latino,urbano latino"
300,716NhGYqD1jl2wI1Qkgq36,Bizarrap,"argentine hip hop,pop venezolano,trap argentino,trap latino,urbano latino"
301,52iwsT98xCoGgiGntTiR7K,Quevedo,"rap canario,trap latino,urbano latino"
302,2W8yFh0Ga6Yf3jiayVxwkE,Dove Cameron,pop
303,6HaGTQPmzraVmaVxvz6EUc,Jung Kook,k-pop
304,67MNhiAICFY6Pwc2YxCO0K,Elley Duhé,alt z
305,2feDdbD5araYcm6JhFHHw7,Labrinth,"indie poptimism,pop"
306,7f5Zgnp2spUuuzKplmRkt7,Lost Frequencies,"belgian edm,edm,pop dance,tropical house"
307,6ydoSd3N2mwgwBHtF6K7eX,Calum Scott,pop
308,53XhwfbYqKCa1cC15pYq2q,Imagine Dragons,"modern rock,pop,rock"
309,6U3ybJ9UHNKEdsH7ktGBZ7,JID,"hip hop,pop rap,rap,underground hip hop"
310,57nPqD7z62gDdq37US9XJR,Arcane,none
311,47mIJdHORyRerp4os813jD,League of Legends,"speedrun,video game music"
312,29PgYEggDV3cDP9QYTogwv,Carolina Gaitán - La Gaita,movie tunes
313,36CUTsdtNgCwMq6zKD1l8I,Mauro Castillo,"modern salsa,movie tunes,salsa colombiana"
314,72kqSqk124Vnl1wtT6q9Fh,Adassa,movie tunes
315,2as15AH2BTrPk8v4gyElmr,Rhenzy Feliz,none
316,18MFcGBHtyW0mU3ufcm0X1,Diane Guerrero,movie tunes
317,5PYToRCsrnvikZg3yl2JMr,Stephanie Beatriz,"hollywood,movie tunes"
318,3xLU748QxpTmIVaiNXXg0P,Encanto - Cast,movie tunes
319,1QfpRUtH14JLoY6F6AYmwt,The Rare Occasions,la indie
320,687cZJR45JO7jhk1LHIbgq,Tems,"afro r&b,alte,nigerian pop"
321,6QrQ7OrISRYIfS5mtacaw2,Jaymes Young,indie poptimism
322,79AyR6ATpj2LTPxfb6FX50,Lauren Spencer Smith,"alt z,gen z singer-songwriter"
323,5FxD8fkQZ6KcsSYupDVoSO,Omar Apollo,"bedroom pop,bedroom soul"
324,1Yj5Xey7kTwvZla8sqdsdE,Cris Mj,"mambo chileno,urbano chileno"
325,7qmpXeNz2ojlMl2EEfkeLs,Nicky Youre,singer-songwriter pop
326,38PzLQE4GW8o7A18oGhi0x,dazy,none
327,5n9bMYfz9qss2VOW89EVs2,Bomba Estéreo,"cumbia,latin alternative,latin rock,pop electronico,tropical alternativo"
328,26dSoYclwsYLMAKD3tpOr4,Britney Spears,"dance pop,pop"
329,46pWGuE3dSwY3bMMXGBvVS,Rema,"afrobeats,nigerian pop"
330,46xBNx0j6cwY6sD9LgMTm1,Rosa Linn,alt z
331,5XKFrudbV4IiuE5WuTPRmT,Stephen Sanchez,gen z singer-songwriter
332,6JL8zeS1NmiOftqZTRgdTz,Meghan Trainor,"hip pop,pop"
333,4qXC0i02bSFstECuXP2ZpL,Blxst,"pop rap,westcoast flow"
334,1PpDfXOUG7gxUjR1quWnwp,Amanda Reifer,barbadian pop
335,3MdXrJWsbVzdn6fe5JYkSQ,Latto,trap queen
336,5H4yInM5zmHqpKIoMNAx4r,Central Cee,melodic drill
337,5rSXSAkZ67PYJSvpUpkOr7,Backstreet Boys,"boy band,dance pop,pop"
338,6dn6x1XOng3LOAnfTjUn77,AJ Mitchell,"alt z,pop"
339,6O74knDqdv3XaWtkII7Xjp,Boyz II Men,"boy band,contemporary r&b,new jack swing,r&b,urban contemporary"
340,6wwj6pIJdMJJyDQsQVtPzR,Jess and Gabriel,social media pop
341,57WHJIHrjOE3iAxpihhMnp,Louis Tomlinson,pop
342,3iri9nBFs9e4wN7PLIetAw,gnash,"alt z,pop"
343,6xvpfMjWTougrRRtK7iikz,Mason Ramsey,"contemporary country,country"
344,20JZFwl6HVl6yg8a4H3ZqK,Panic! At The Disco,"modern rock,pop"
345,28y6CyJNkGNjJQKrlx4AmN,HRVY,pop
346,4AK6F7OLvEQ5QYCBNiQWHq,One Direction,"boy band,pop,post-teen pop,talent show"
347,0fiWOxhsBsQQvFDtxUQWo0,Brett Young,"contemporary country,country,country road,modern country rock"
348,3FfbgiZhcCkoiI7IzOwXlI,Ben Abraham,indie anthem-folk
349,4Rxn7Im3LGfyRkY2FlHhWi,Nick Jonas,"dance pop,pop"
350,6DIS6PRrLS3wbnZsf7vYic,WALK THE MOON,"dance rock,modern alternative rock,modern rock,neo mellow,pop rock"
351,1QRj3hoop9Mv5VvHQkwPEp,Olivia O'Brien,"alt z,pop"
352,6T5tfhQCknKG4UnH90qGnz,DNCE,"dance pop,pop"
353,2NhdGz9EDv2FeUw6udu2g1,The Wanted,"boy band,dance pop,pop,post-teen pop"
354,1ovPxptMcDubQ0CgYsS5hm,Grupo Legitimo,"corrido,musica mexicana,musica potosina,norteno,norteno-sax,sierreno"
355,5kuxm06ltfO1Rj9j5UQewf,Los Tigrillos,"banda,cumbia sonorense,musica costena,musica mexicana,norteno,tejano"
356,4aN7T7NNFFMRJgVbRPne8q,Bohnes,"dark r&b,rebel blues"
357,1INuLZXjjVbcJRyWvD1iSq,Jack & Jack,"pop,teen pop"
358,58MLl9nC29IXbE4nEtuoP2,Alex & Sierra,"pop,post-teen pop"
359,7dQoFvAqR6Zd414icQaatx,Combo Latin,none
360,7jZMxhsB8djyIbYmoiJSTs,Kiana Ledé,"pop r&b,r&b"
361,7LImGq5KnzQobZciDJpeJb,Charlotte Lawrence,alt z
362,4IWBUUAFIplrNtaOHcJPRM,James Arthur,"pop,talent show,uk pop"
363,2WzaAvm2bBCf4pEhyuDgCY,Ruth B.,"alt z,canadian contemporary r&b,canadian pop,pop"
364,1l8Fu6IkuTP0U5QetQJ5Xt,Fifth Harmony,"girl group,pop,talent show"
365,2yqDP1QmMX6jOXgqCtNnST,Dae,none
366,1844rVKItCnHIGFNMNq2BF,Wes,none
367,61i5hkPM85ZcIxRsg61Hkl,Kendyle Paige,dark r&b
368,1KCSPY1glIKqW2TotWuXOR,P!nk,"dance pop,pop"
369,58GNHTqgNesANvRuoKzCwX,Malu Trevejo,none
370,1ef7Y06MRVT7HfRdJDHBOG,Brad & Rebekah,"pop worship,worship"
371,3gIRvgZssIb9aiirIg0nI3,Jeremy Zucker,"alt z,electropop,pop"
372,5Y8eJDj37KhaEeqbVO7Ag1,PRETTYMUCH,"boy band,post-teen pop,teen pop"
373,2AsusXITU8P25dlRNhcAbG,Gotye,australian pop
374,6hk7Yq1DU9QcCCrz9uc0Ti,Kimbra,"bergen indie,electropop,nz pop"
375,1Hsdzj7Dlq2I7tHP7501T4,Niall Horan,pop
376,5vBSrE1xujD2FXYRarbAXc,Years & Years,"dance pop,gauze pop,pop,pop dance,uk pop"
377,3Y7RZ31TRPVadSFVy1o8os,H.E.R.,"r&b,rap"
378,7zkwepHPyac6tCYl0fL0co,ASTN,bedroom soul
379,6dJeKm76NjfXBNTpHmOhfO,Selena Gomez & The Scene,pop
380,2g6nfqSFo2cPVrafnW85jm,Andreas Moss,scandipop
381,0uioawxHyc6pgvbUCq510I,Melanie Pfirrman,none
382,3JKrNnhjEv9h3fyKhQpylb,Aidan Martin,uk pop
383,4MB9CqgEa0TtpVSEkoSlW1,Blake McGrath,canadian pop
384,7wFDo161xYdeaiLz3KIHoM,Gallant,alternative r&b
385,59mjRp0i1B8oWSSMmGWJlJ,Ansel Elgort,"post-teen pop,teen pop"
386,40LHVA5BTQp9RxHOQ9JPYj,Lauren Daigle,"ccm,christian alternative rock,christian music"
387,2wUjUUtkb5lvLKcGKsKqsR,Alessia Cara,"canadian contemporary r&b,canadian pop,pop"
388,6eYFryfcEu3QSq59D62wZQ,Brendon Urie,none
389,5F1aoppMtU3OMiltO8ymJ2,Hugh Jackman,"hollywood,show tunes"
390,4HLVASaI7mpSxzIGZSRJVa,Roadtrip,"social media pop,teen pop"
391,5NhgsV7qPWHZqYEMKzbYvo,Faouzia,"alt z,canadian pop"
392,6jEiUoyyJNPHzSR0Nib6HX,Walk off the Earth,"canadian rock,pop rock"
393,0B3N0ZINFWvizfa8bKiz4v,James TW,"british singer-songwriter,uk pop"
394,0LyOADBjj28cbvJWTXUEGA,Loren Allred,"deep talent show,hollywood,movie tunes"
395,4K9aclpXgCPNFGEqRlFPal,Peter Manos,none
396,0PFtn5NtBbbUNbU9EAmIWF,TOTO,"album rock,classic rock,hard rock,mellow gold,rock,soft rock,yacht rock"
397,5JMLG56F1X5mFmWNmS0iAp,Chelsea Cutler,alt z
398,4phGZZrJZRo4ElhRtViYdl,Jason Mraz,"acoustic pop,dance pop,neo mellow,pop"
399,5xkAtLTf309LAGZTbvULBn,Ruel,"alt z,australian alternative pop,pop"
400,5fywYLnKJi950Y5yMqavxm,Etham,singer-songwriter pop
401,3KedxarmBCyFBevnqQHy3P,Jessie Reyez,"canadian contemporary r&b,canadian pop"
402,0x3PXj1WnuW7YsBxQK57xM,Ruben,norwegian pop
403,7gHscNMDI8FF8pcgrV8eIn,Matt Maeson,pov: indie
404,2nJYGgfTf2846LtVB3AES8,Plested,"indie anthem-folk,singer-songwriter pop"
405,6AcOTCYBMvjKYy4zms0kaC,Banda El Recodo,"banda,banda sinaloense,musica mexicana,norteno"
406,2C6i0I5RiGzDKN9IAF8reh,Banda MS de Sergio Lizárraga,"banda,musica mexicana,norteno"
407,5D3muNJhYYunbRkh3FKgX0,Chord Overstreet,acoustic pop
408,5L6QAKAkdJIPLsNbItZ2KF,El Trono de Mexico,"banda,duranguense,grupera,musica mexicana,norteno"
409,4bPiOPI4V99cepEftvBYak,Banda Los Recoditos,"banda,musica mexicana,norteno"
410,4hwbEkmTTgBuc7sYVKA5PN,Ben Lawrence,none
411,5j9R5dTGerKvdXopZnfJh9,Ramon Ayala Y Sus Bravos Del Norte,"musica mexicana,norteno"
412,4LFOoXhMhnq9U8VsZkSwxl,Edwin Luna y La Trakalosa de Monterrey,"banda,musica mexicana,norteno,sad sierreno"
413,543ccHFPnZfJMD8tRGPtu7,James Smith,uk pop
414,2aZtzjAzD8fq3OhZ9egqda,Alacranes Musical,"duranguense,musica mexicana"
415,0UWZUmn7sybxMCqrw9tGa7,Juanes,"colombian pop,latin pop,mexican pop,rock en espanol"
416,3hYtANQYrE6pd2PbtEyTIy,Los Tigres Del Norte,"banda,musica mexicana,norteno,ranchera"
417,4EzkuveR9pLvDVFNx6foYD,James Bay,"neo mellow,pop,uk pop"
418,2gRP1Ezbtj3qrERnd0XasU,Camila,"latin arena pop,latin pop"
419,3smfreCkyJt7bShaTYpG77,Carlos Baute,"latin pop,spanish pop"
420,368rTiMKMrz3b03az6B14w,Marta Sánchez,"latin pop,spanish pop"
421,5C4PDR4LnhZTbVnKWXuDKD,Morat,"colombian pop,latin viral pop"
422,7plUpXSFcSJUZSiZAoXqr1,Ximena Sariñana,"cantautora mexicana,latin alternative,latin pop,mexican pop,mexican rock"
423,77aLk6J8ofnVxa1eXK9jiU,Matisse,"latin arena pop,mexican pop"
424,1mX1TWKpNxDSAH16LgDfiR,Jesse & Joy,"latin arena pop,latin pop,mexican pop"
425,3rs3EOlJ8jyPpdGiQ9Mhub,Monchy & Alexandra,"bachata,bachata dominicana,tropical"
426,6IE6z7DcZIT4Ml3Fh5Ivch,Selena,"mexican pop,tejano"
427,5M9Bb4adKAgrOFOhc05Y50,Pablo Alborán,"latin arena pop,latin pop,spanish pop"
428,4ebKlOJFmoNuBQLKSEGDuH,Isaac Waddington,"pop soul,uk contemporary r&b"
429,4Kp21tQEUB0PHgNV3B86ah,Mahogany,none
430,4T2k9bgIoC8bbqjqiEl9vZ,Rhys Lewis,uk pop
431,23xulTZL2CvclAu5Q1eMaN,Sophia James,none
432,0XK6kT7xcZAlcYrNjOgzJe,Carla Morrison,"cantautora mexicana,mexican pop"
433,1jIeEiC6KkryFux23ekWmQ,Ale Zéguer,mexican pop
434,07YUOmWljBTXwIseAUd9TW,Sebastian Yatra,"colombian pop,latin pop,reggaeton,reggaeton colombiano,urbano latino"
435,7xeM7V59cA1X8GKyKKQV87,Sin Bandera,"latin arena pop,latin pop,mexican pop"
436,3YbOSxo85kla7RID8ugnW3,Los Temerarios,"grupera,musica mexicana,ranchera"
437,2ghByd8ucnRTWceSAnAZ0G,La Original Banda El Limón de Salvador Lizárraga,"banda,musica mexicana,norteno"
438,24dYJ8P3YuFihvMcElFUWh,Pedro Fernández,"mariachi,ranchera"
439,4kYGAK2zu9EAomwj3hXkXy,JP Cooper,uk pop
440,7eLcDZDYHXZCebtQmVFL25,Aitana,"latin talent show,latin viral pop,spanish pop"
441,4PPoI9LuYeFX8V674Z1R6l,Vicente Fernández,"mariachi,ranchera"
442,1qto4hHid1P71emI6Fd8xi,Aventura,"bachata,bachata dominicana,latin hip hop,latin pop,tropical,urbano latino"
443,7j6DKwmjbxvpQO8h914uEz,Ryan Castro,"reggaeton,trap colombiano,trap latino,urbano latino"
444,2oQX8QiMXOyuqbcZEFsZfm,El Alfa,"dembow,rap dominicano,reggaeton,trap latino,urbano latino"
445,48R2gYdPKtfnfKAzhSVPUx,Migrantes,cumbia pop
446,7n3wAgh1j3RRbxYzfZTQDF,Alico,none
447,1TA5sGRlKUJXBN4ZyJuDIX,Blessd,"reggaeton,urbano latino"
448,14zUHaJZo1mnYtn6IBRaRP,Justin Quiles,"reggaeton,trap latino,urbano latino"
449,1pQWsZQehhS4wavwh7Fnxd,Lenny Tavárez,"reggaeton,trap argentino,trap latino,urbano latino"
450,2wkoKEfS6dXwThbyTnZWFU,Mau y Ricky,"latin pop,pop venezolano,reggaeton,urbano latino"
451,1DxLCyH42yaHKGK3cl5bvG,Maria Becerra,pop argentino
452,4EEZg8R3dxbTCCQ1DVWtHg,Bobby Pulido,"banda,grupera,musica mexicana,norteno,tejano"
453,3MHaV05u0io8fQbZ2XPtlC,Prince Royce,"bachata,latin hip hop,latin pop,urbano latino"
454,0eecdvMrqBftK0M1VKhaF4,CNCO,"boy band,latin pop,reggaeton,urbano latino"
455,7a0XAaPaK2aDSqa8p3QnC7,Beéle,"reggaeton colombiano,trap latino,urbano latino"
456,2T1aUibqR2QC2sINIDQOAK,Mambo Kingz,"reggaeton,reggaeton flow,trap latino,urbano latino"
457,64aJYyrXljOodnUG6jvhRD,DJ Luian,"reggaeton,reggaeton flow,trap latino,urbano latino"
458,0l8RtvcBMjeOqfgRSVo2d6,Grupo 5,cumbia peruana
459,37BIBvfliXJpSgn10yQUJM,Mr. Naisgai,none
460,2QWIScpFDNxmS6ZEMIUvgm,Julieta Venegas,"cantautora mexicana,latin alternative,latin pop,latin rock,rock en espanol"
461,5bSfBBCxY8QAk4Pifveisz,La Arrolladora Banda El Limón De Rene Camacho,"banda,musica mexicana,norteno"
462,3bvfu2KAve4lPHrhEFDZna,Lola Indigo,"latin viral pop,spanish pop"
463,7vXDAI8JwjW531ouMGbfcp,TINI,"latin pop,latin viral pop,pop argentino"
464,5LeiVcEnsZcwc133TUhJNW,Belinda,"latin arena pop,latin pop,mexican pop"
465,4vhNDa5ycK0ST968ek7kRr,Carlos Vives,"colombian pop,latin pop,vallenato"
466,0XwVARXT135rw8lyw1EeWP,Christian Nodal,"mariachi,musica mexicana,ranchera"
467,5lwmRuXgjX8xIwlnauTZIP,Romeo Santos,"bachata,latin hip hop,latin pop,urbano latino"
468,0KPX4Ucy9dk82uj4GpKesn,Dalex,"r&b en espanol,reggaeton,trap latino,urbano latino"
469,3fZk3Gm5dN5v5yfYMQ04Bx,Dímelo Flow,"reggaeton,reggaeton flow,urbano latino"
470,0ZwjmGhps2YvUMzB7ihFV8,Adrian Bello,peruvian indie
471,33ScadVnbm2X8kkUqOkC6Z,Don Omar,"latin hip hop,puerto rican pop,reggaeton,trap latino,urbano latino"
472,62YF0FglEltB3CnVIjoko8,Ingratax,"concurso de talentos argentino,latin viral pop,urbano mexicano"
473,43qxAkuKFB6fMNSeS5dO7Z,Ana Bárbara,"grupera,mexican pop,musica mexicana"
474,7slfeZO9LsJbWgpkIoXBUJ,Ricky Martin,"latin pop,mexican pop,puerto rican pop"
475,7pbDxGE6nQSZVfiFdq9lOL,Rex Orange County,"bedroom pop,pov: indie"
476,21451j1KhjAiaYKflxBjr1,Zion & Lennox,"reggaeton,urbano latino"
477,3LKXWvXFWrkwUzJWxzwVpW,Tony Dize,"reggaeton,urbano latino"
478,0MoaBi6dSquXp6rrlqlF8R,Buscabulla,"latintronica,puerto rican indie"
479,2jSGzJw0ebJLu7OLVSOcBP,Plan B,"reggaeton,trap latino,urbano latino"
